{"cameraMode":{"drawMode":0,"name":"Shaded","section":"Shading Mode"},"sceneLighting":true,"audioPlay":false,"sceneViewState":{"showFog":true,"showMaterialUpdate":false,"showSkybox":true,"showFlares":true,"showImageEffects":true,"showParticleSystems":true},"in2DMode":false,"pivot":{"x":-8.271215438842774,"y":3.5780322551727297,"z":15.46280574798584},"rotation":{"x":0.05160519480705261,"y":0.8030074834823608,"z":-0.07028917223215103,"w":0.5895552039146423},"size":5.202452182769775,"orthographic":false}