{"cameraMode":{"drawMode":0,"name":"Shaded","section":"Shading Mode"},"sceneLighting":false,"audioPlay":false,"sceneViewState":{"showFog":true,"showMaterialUpdate":false,"showSkybox":true,"showFlares":true,"showImageEffects":true,"showParticleSystems":true},"in2DMode":false,"pivot":{"x":2.0204503536224367,"y":1.845157265663147,"z":0.0422792062163353},"rotation":{"x":0.03568355739116669,"y":0.02218436449766159,"z":-0.000792370701674372,"w":0.9991165995597839},"size":6.688565731048584,"orthographic":false}